match_id,date,heure,niveau,theme,competition,famille,journee,adversaire,salle,capacite_salle
M001,2025-10-09,20:45,PALIER 2,THEME 1,EuroLeague,EUROPE,3,Virtus Bologna,ADIDAS,8000
M002,2025-10-12,17:00,PALIER 4,,Betclic ÉLITE,CHAMPIONNAT,3,Monaco,ADIDAS,8000
M003,2025-10-15,20:45,PALIER 2,,EuroLeague,EUROPE,4,Kosner Baskonia Vitoria-Gasteiz,ADIDAS,8000
M004,2025-10-17,20:45,PALIER 3,,EuroLeague,EUROPE,5,Hapoel Shlomo Tel Aviv,ADIDAS,8000
M005,2025-10-19,14:30,PALIER 1,THEME 2,Betclic ÉLITE,CHAMPIONNAT,4,Dijon,ADIDAS,8000
M006,2025-10-28,20:45,PALIER 1,,EuroLeague,EUROPE,7,Anadolu Efes Istanbul,ADIDAS,8000
M007,2025-11-06,21:00,PALIER 2,THEME 3,EuroLeague,EUROPE,9,FC Bayern Munich,ADIDAS,8000
M008,2025-11-09,18:00,PALIER 3,,Betclic ÉLITE,CHAMPIONNAT,7,Limoges,ADIDAS,8000
M009,2025-11-11,21:00,PALIER 3,THEME 4,EuroLeague,EUROPE,10,Panathinaikos AKTOR Athens,ADIDAS,8000
M010,2025-11-13,20:45,PALIER 3,,EuroLeague,EUROPE,11,Valencia Basket,ADIDAS,8000
M011,2025-12-07,18:00,PALIER 3,,Betclic ÉLITE,CHAMPIONNAT,10,Saint-Quentin,ADIDAS,8000
M012,2025-12-09,20:00,PALIER 2,THEME 5,Betclic ÉLITE,CHAMPIONNAT,9,Le Portel,ADIDAS,8000
M013,2025-12-11,20:45,PALIER 2,THEME 6,EuroLeague,EUROPE,15,Zalgiris Kaunas,ADIDAS,8000
M014,2025-12-16,21:00,PALIER 3,,EuroLeague,EUROPE,16,FC Barcelona,ADIDAS,8000
M015,2025-12-21,18:00,PALIER 3,THEME 7,Betclic ÉLITE,CHAMPIONNAT,12,Cholet,ADIDAS,8000
M016,2025-12-23,20:45,PALIER 3,THEME 8,EuroLeague,EUROPE,18,Crvena Zvezda Meridianbet Belgrade,ADIDAS,8000
M017,2026-01-13,20:10,PALIER 3,,Betclic ÉLITE,CHAMPIONNAT,13,Strasbourg,ADIDAS,8000
M018,2026-01-15,20:45,PALIER 3,THEME 9,EuroLeague,EUROPE,22,AS Monaco,ACCOR,15000
M019,2026-01-18,18:00,PALIER 5,,Betclic ÉLITE,CHAMPIONNAT,16,Le Mans,ADIDAS,8000
M020,2026-01-22,21:00,PALIER 2,,EuroLeague,EUROPE,24,Dubai Basketball,ADIDAS,8000
M021,2026-01-27,21:00,PALIER 3,THEME 10,EuroLeague,EUROPE,25,Real Madrid,ACCOR,15000
M022,2026-02-01,15:30,PALIER 4,THEME 11,Betclic ÉLITE,CHAMPIONNAT,18,Boulazac,ADIDAS,8000
M023,2026-02-05,20:45,PALIER 5,,EuroLeague,EUROPE,27,Fenerbahce Beko Istanbul,ACCOR,15000
M024,2026-02-07,19:30,PALIER 3,THEME 12,Betclic ÉLITE,CHAMPIONNAT,19,Nancy,ADIDAS,8000
M025,2026-03-10,20:45,PALIER 5,THEME 13,EuroLeague,EUROPE,34,Olympiacos Piraeus,ACCOR,15000
M026,2026-03-12,21:00,PALIER 1,THEME 9,EuroLeague,EUROPE,31,LDLC ASVEL Villeurbanne,ADIDAS,8000
M027,2026-03-15,15:30,PALIER 3,THEME 14,Betclic ÉLITE,CHAMPIONNAT,22,Gravelines-Dunkerque,ADIDAS,8000
M028,2026-03-19,20:45,PALIER 1,,EuroLeague,EUROPE,32,Partizan Mozzart Bet Belgrade,ADIDAS,8000
M029,2026-03-22,18:00,PALIER 5,THEME 15,Betclic ÉLITE,CHAMPIONNAT,23,Bourg-en-Bresse,ADIDAS,8000
M030,2026-04-02,20:45,PALIER 4,,EuroLeague,EUROPE,35,EA7 Emporio Armani Milan,ADIDAS,8000
M031,2026-04-04,19:00,PALIER 3,THEME 16,Betclic ÉLITE,CHAMPIONNAT,25,Nanterre,ADIDAS,8000
M032,2026-04-09,21:00,PALIER 3,,EuroLeague,EUROPE,37,Maccabi Rapyd Tel Aviv,ADIDAS,8000
M033,2026-05-02,18:30,PALIER 3,THEME 17,Betclic ÉLITE,CHAMPIONNAT,28,Chalon/Saône,ADIDAS,8000
M034,2026-05-16,17:00,PALIER 5,THEME 18,Betclic ÉLITE,CHAMPIONNAT,30,Lyon-Villeurbanne,ADIDAS,8000
M035,2026-05-26,19:00,PALIER 3,,Betclic ÉLITE - Playoffs,PLAYOFFS,1,Strasbourg,ADIDAS,8000
M036,2026-05-30,13:30,PALIER 3,,Betclic ÉLITE - Playoffs,PLAYOFFS,3,Strasbourg,ADIDAS,8000
M037,2026-06-02,18:00,PALIER 4,,Betclic ÉLITE - Playoffs,PLAYOFFS,1,Cholet,ADIDAS,8000
M038,2026-06-04,18:30,PALIER 2,,Betclic ÉLITE - Playoffs,PLAYOFFS,2,Cholet,ADIDAS,8000
M039,2026-06-14,15:00,PALIER 5,,Betclic ÉLITE - Playoffs,PLAYOFFS,1,Monaco,ADIDAS,8000
M040,2026-06-17,18:30,PALIER 4,,Betclic ÉLITE - Playoffs,PLAYOFFS,2,Monaco,ADIDAS,8000
M041,2026-06-23,19:10,PALIER 3,,Betclic ÉLITE - Playoffs,PLAYOFFS,5,Monaco,ADIDAS,8000
