campagne_id,nom,canal,type,date_envoi,heure_envoi,segment_cible,objet,nb_cibles,nb_delivres,nb_bounces,nb_ouvertures_uniques,nb_clics_uniques,nb_desinscriptions,nb_plaintes
CMP00001,NEWSLETTER EMAIL 07/08,EMAIL,NEWSLETTER,2025-08-07,10:45,MOINS_DE_30_ANS,La newsletter du club,7288,7134,153,1588,316,2,0
CMP00002,ABONNEMENT EMAIL 08/08,EMAIL,ABONNEMENT,2025-08-08,18:45,INACTIFS_12M,Places d'abonnes : ouverture,7562,7379,183,1108,150,1,0
CMP00003,NEWSLETTER EMAIL 11/08,EMAIL,NEWSLETTER,2025-08-11,12:15,INACTIFS_12M,La newsletter du club,4387,4324,63,669,94,0,0
CMP00004,BILLETTERIE SMS 12/08,SMS,BILLETTERIE,2025-08-12,19:00,ACHETEURS_ESHOP,Virtus Bologna a l'arena : derniers billets,4480,4381,99,1536,560,5,0
CMP00005,BILLETTERIE EMAIL 13/08,EMAIL,BILLETTERIE,2025-08-13,19:15,ACHETEURS_ESHOP,Virtus Bologna a l'arena : derniers billets,10662,10314,347,2322,613,3,1
CMP00006,BILLETTERIE EMAIL 18/08,EMAIL,BILLETTERIE,2025-08-18,18:15,NON_ABONNES,Virtus Bologna a l'arena : derniers billets,10946,10517,430,2363,607,6,1
CMP00007,BOUTIQUE EMAIL 19/08,EMAIL,BOUTIQUE,2025-08-19,18:30,ACHETEURS_ESHOP,Derniers jours sur la boutique,3640,3570,71,832,228,2,0
CMP00008,PARTENAIRE EMAIL 22/08,EMAIL,PARTENAIRE,2025-08-22,17:05,TOUS_OPTIN,Une offre de nos partenaires,4088,4031,56,580,116,2,0
CMP00009,BOUTIQUE EMAIL 23/08,EMAIL,BOUTIQUE,2025-08-23,12:00,ABONNES,Les soldes commencent,1130,1085,45,425,200,0,0
CMP00010,JEU_CONCOURS SMS 26/08,SMS,JEU_CONCOURS,2025-08-26,18:00,ACHETEURS_ESHOP,Tentez de rencontrer l'equipe,9063,8894,169,3128,1206,14,0
CMP00011,BOUTIQUE EMAIL 27/08,EMAIL,BOUTIQUE,2025-08-27,12:05,ACHETEURS_ESHOP,Les soldes commencent,10753,10497,256,2316,618,3,0
CMP00012,BILLETTERIE EMAIL 28/08,EMAIL,BILLETTERIE,2025-08-28,10:00,PARIS_ET_PROCHE,Il reste des places pour Virtus Bologna,8459,8227,232,1857,465,3,0
CMP00013,BILLETTERIE SMS 29/08,SMS,BILLETTERIE,2025-08-29,18:15,TOUS_OPTIN,Votre place pour Virtus Bologna,9172,9001,171,3117,1183,27,0
CMP00014,ABONNEMENT EMAIL 01/09,EMAIL,ABONNEMENT,2025-09-01,12:15,PARIS_ET_PROCHE,"Votre abonnement, saison prochaine",5656,5510,146,1212,236,2,0
CMP00015,NEWSLETTER EMAIL 03/09,EMAIL,NEWSLETTER,2025-09-03,18:30,INACTIFS_12M,Coulisses : la semaine du club,9979,9668,311,1466,174,4,0
CMP00016,BILLETTERIE SMS 04/09,SMS,BILLETTERIE,2025-09-04,12:15,TOUS_OPTIN,Virtus Bologna a l'arena : derniers billets,9950,9780,170,3436,1315,13,2
CMP00017,BILLETTERIE EMAIL 11/09,EMAIL,BILLETTERIE,2025-09-11,09:00,NON_ABONNES,Il reste des places pour Virtus Bologna,10051,6107,3945,1357,361,0,0
CMP00018,BILLETTERIE SMS 13/09,SMS,BILLETTERIE,2025-09-13,17:15,PARIS_ET_PROCHE,Ce soir : Virtus Bologna,6861,6734,127,2277,857,16,1
CMP00019,TRANSACTIONNEL SMS 17/09,SMS,TRANSACTIONNEL,2025-09-17,11:00,NON_ABONNES,Votre commande est prete,4045,3969,77,2547,723,20,0
CMP00020,BOUTIQUE EMAIL 18/09,EMAIL,BOUTIQUE,2025-09-18,11:15,INACTIFS_12M,Les soldes commencent,6955,6852,103,1078,165,1,0
CMP00021,NEWSLETTER EMAIL 19/09,EMAIL,NEWSLETTER,2025-09-19,11:15,TOUS_OPTIN,Coulisses : la semaine du club,10318,9897,421,2215,442,6,0
CMP00022,JEU_CONCOURS EMAIL 20/09,EMAIL,JEU_CONCOURS,2025-09-20,10:30,TOUS_OPTIN,Gagnez vos places pour le prochain match,5240,5046,194,1155,272,4,0
CMP00023,BOUTIQUE EMAIL 22/09,EMAIL,BOUTIQUE,2025-09-22,10:05,ABONNES,Derniers jours sur la boutique,1043,1011,32,373,141,1,0
CMP00024,BILLETTERIE EMAIL 23/09,EMAIL,BILLETTERIE,2025-09-23,10:45,TOUS_OPTIN,Il reste des places pour Virtus Bologna,10276,9986,290,2282,603,10,0
CMP00025,NEWSLETTER EMAIL 24/09,EMAIL,NEWSLETTER,2025-09-24,18:05,PARIS_ET_PROCHE,Coulisses : la semaine du club,10831,10481,350,2330,443,8,0
CMP00026,TRANSACTIONNEL EMAIL 30/09,EMAIL,TRANSACTIONNEL,2025-09-30,12:05,MOINS_DE_30_ANS,Votre commande est prete,8604,8286,319,3513,653,11,0
CMP00027,NEWSLETTER EMAIL 02/10,EMAIL,NEWSLETTER,2025-10-02,17:30,TOUS_OPTIN,Coulisses : la semaine du club,7874,7636,238,1692,332,3,0
CMP00028,BILLETTERIE EMAIL 08/10,EMAIL,BILLETTERIE,2025-10-08,11:30,MOINS_DE_30_ANS,Virtus Bologna a l'arena : derniers billets,5595,5508,88,1214,314,1,1
CMP00029,TRANSACTIONNEL EMAIL 10/10,EMAIL,TRANSACTIONNEL,2025-10-10,11:30,MOINS_DE_30_ANS,Votre commande est prete,3853,3733,120,1532,297,2,0
CMP00030,BILLETTERIE EMAIL 13/10,EMAIL,BILLETTERIE,2025-10-13,15:45,ACHETEURS_ESHOP,Votre place pour Kosner Baskonia Vitoria-Gasteiz,5398,5201,198,1136,302,4,0
CMP00031,ABONNEMENT EMAIL 14/10,EMAIL,ABONNEMENT,2025-10-14,15:00,ACHETEURS_ESHOP,Places d'abonnes : ouverture,7921,7613,309,1726,323,7,1
CMP00032,BILLETTERIE EMAIL 17/10,EMAIL,BILLETTERIE,2025-10-17,17:05,ABONNES,Votre place pour Hapoel Shlomo Tel Aviv,984,965,19,410,176,3,0
CMP00033,BILLETTERIE EMAIL 24/10,EMAIL,BILLETTERIE,2025-10-24,10:15,MOINS_DE_30_ANS,Anadolu Efes Istanbul a l'arena : derniers billets,8588,8355,233,1861,474,6,0
CMP00034,NEWSLETTER EMAIL 25/10,EMAIL,NEWSLETTER,2025-10-25,09:00,INACTIFS_12M,Le point sur la saison,6310,6081,230,920,126,3,0
CMP00035,TRANSACTIONNEL SMS 27/10,SMS,TRANSACTIONNEL,2025-10-27,12:15,ABONNES,Votre commande est prete,385,376,10,357,142,3,0
CMP00036,BOUTIQUE EMAIL 29/10,EMAIL,BOUTIQUE,2025-10-29,18:05,NON_ABONNES,Notre selection de la semaine,8582,8463,120,1861,491,8,2
CMP00037,BOUTIQUE EMAIL 31/10,EMAIL,BOUTIQUE,2025-10-31,15:30,TOUS_OPTIN,Derniers jours sur la boutique,6402,6209,194,1385,377,2,0
CMP00038,NEWSLETTER EMAIL 03/11,EMAIL,NEWSLETTER,2025-11-03,17:45,PARIS_ET_PROCHE,Coulisses : la semaine du club,5293,5188,105,1179,223,2,0
CMP00039,BILLETTERIE SMS 08/11,SMS,BILLETTERIE,2025-11-08,11:05,TOUS_OPTIN,Limoges a l'arena : derniers billets,8488,8326,162,2878,1077,15,1
CMP00040,NEWSLETTER EMAIL 10/11,EMAIL,NEWSLETTER,2025-11-10,18:15,TOUS_OPTIN,Le point sur la saison,7985,7748,237,1755,349,5,0
CMP00041,BILLETTERIE EMAIL 11/11,EMAIL,BILLETTERIE,2025-11-11,17:05,TOUS_OPTIN,Votre place pour Panathinaikos Aktor Athens,6394,6313,82,1374,356,5,0
CMP00042,TRANSACTIONNEL SMS 12/11,SMS,TRANSACTIONNEL,2025-11-12,15:45,TOUS_OPTIN,Votre commande est prete,10050,9863,187,6337,1720,51,2
CMP00043,BILLETTERIE EMAIL 18/11,EMAIL,BILLETTERIE,2025-11-18,17:00,TOUS_OPTIN,Votre place pour Saint-Quentin,8747,8601,145,1860,489,8,1
CMP00044,BOUTIQUE EMAIL 19/11,EMAIL,BOUTIQUE,2025-11-19,11:30,ACHETEURS_ESHOP,Le nouveau maillot est arrive,6168,5939,230,1314,352,2,0
CMP00045,BILLETTERIE EMAIL 20/11,EMAIL,BILLETTERIE,2025-11-20,17:05,ABONNES,Il reste des places pour Saint-Quentin,1159,1132,27,441,186,1,0
CMP00046,BILLETTERIE EMAIL 24/11,EMAIL,BILLETTERIE,2025-11-24,15:15,ACHETEURS_ESHOP,Il reste des places pour Saint-Quentin,4606,4500,105,978,228,7,0
CMP00047,BOUTIQUE EMAIL 27/11,EMAIL,BOUTIQUE,2025-11-27,17:15,PARIS_ET_PROCHE,Notre selection de la semaine,8129,7875,254,1722,454,6,0
CMP00048,TRANSACTIONNEL EMAIL 05/12,EMAIL,TRANSACTIONNEL,2025-12-05,19:45,NON_ABONNES,Vos billets sont disponibles,9901,9515,387,3952,741,9,1
CMP00049,JEU_CONCOURS EMAIL 06/12,EMAIL,JEU_CONCOURS,2025-12-06,15:15,TOUS_OPTIN,Tentez de rencontrer l'equipe,6774,6582,192,1427,369,6,0
CMP00050,PARTENAIRE EMAIL 12/12,EMAIL,PARTENAIRE,2025-12-12,12:15,NON_ABONNES,Une offre de nos partenaires,3769,3666,104,491,90,2,0
CMP00051,NEWSLETTER EMAIL 13/12,EMAIL,NEWSLETTER,2025-12-13,19:45,NON_ABONNES,La newsletter du club,7569,7207,362,1497,281,7,0
CMP00052,BILLETTERIE SMS 18/12,SMS,BILLETTERIE,2025-12-18,11:00,NON_ABONNES,Ce soir : Cholet,5741,5648,93,1868,713,15,0
CMP00053,NEWSLETTER EMAIL 19/12,EMAIL,NEWSLETTER,2025-12-19,18:05,TOUS_OPTIN,Le point sur la saison,10658,10429,228,2352,468,13,0
CMP00054,NEWSLETTER EMAIL 22/12,EMAIL,NEWSLETTER,2025-12-22,18:30,MOINS_DE_30_ANS,Le point sur la saison,4275,4153,123,893,155,0,0
CMP00055,BOUTIQUE EMAIL 25/12,EMAIL,BOUTIQUE,2025-12-25,15:00,NON_ABONNES,Le nouveau maillot est arrive,8304,8150,154,1796,435,3,0
CMP00056,BILLETTERIE EMAIL 26/12,EMAIL,BILLETTERIE,2025-12-26,12:05,MOINS_DE_30_ANS,Strasbourg a l'arena : derniers billets,5957,5676,280,1248,339,2,0
CMP00057,BILLETTERIE EMAIL 27/12,EMAIL,BILLETTERIE,2025-12-27,17:30,NON_ABONNES,Il reste des places pour Strasbourg,9777,9460,317,2040,549,3,0
CMP00058,BOUTIQUE EMAIL 29/12,EMAIL,BOUTIQUE,2025-12-29,18:45,INACTIFS_12M,Le nouveau maillot est arrive,7516,7408,109,1101,193,2,0
CMP00059,BILLETTERIE SMS 30/12,SMS,BILLETTERIE,2025-12-30,11:15,PARIS_ET_PROCHE,Strasbourg a l'arena : derniers billets,5709,5612,97,1898,699,14,0
CMP00060,BOUTIQUE EMAIL 03/01,EMAIL,BOUTIQUE,2026-01-03,10:00,NON_ABONNES,Derniers jours sur la boutique,6831,6529,303,1428,368,8,0
CMP00061,TRANSACTIONNEL SMS 07/01,SMS,TRANSACTIONNEL,2026-01-07,15:30,NON_ABONNES,Vos billets sont disponibles,5383,5291,92,3278,928,19,1
CMP00062,JEU_CONCOURS EMAIL 10/01,EMAIL,JEU_CONCOURS,2026-01-10,18:15,TOUS_OPTIN,Gagnez vos places pour le prochain match,7176,7064,112,1499,392,3,0
CMP00063,NEWSLETTER EMAIL 15/01,EMAIL,NEWSLETTER,2026-01-15,18:05,ACHETEURS_ESHOP,Coulisses : la semaine du club,5131,4952,179,1068,226,8,0
CMP00064,ABONNEMENT EMAIL 16/01,EMAIL,ABONNEMENT,2026-01-16,09:05,INACTIFS_12M,"Votre abonnement, saison prochaine",8290,7921,369,1119,143,3,1
CMP00065,BOUTIQUE EMAIL 21/01,EMAIL,BOUTIQUE,2026-01-21,15:00,ACHETEURS_ESHOP,Le nouveau maillot est arrive,9288,8902,386,1917,494,5,0
CMP00066,ABONNEMENT EMAIL 22/01,EMAIL,ABONNEMENT,2026-01-22,17:00,PARIS_ET_PROCHE,Places d'abonnes : ouverture,7267,7169,98,1506,288,5,0
CMP00067,BILLETTERIE SMS 23/01,SMS,BILLETTERIE,2026-01-23,11:30,TOUS_OPTIN,Votre place pour Real Madrid,9485,9329,157,3161,1240,28,2
CMP00068,ABONNEMENT EMAIL 24/01,EMAIL,ABONNEMENT,2026-01-24,09:05,PARIS_ET_PROCHE,Places d'abonnes : ouverture,6231,5995,236,1265,270,1,0
CMP00069,JEU_CONCOURS EMAIL 30/01,EMAIL,JEU_CONCOURS,2026-01-30,18:00,PARIS_ET_PROCHE,Tentez de rencontrer l'equipe,4986,4873,113,1053,288,5,2
CMP00070,NEWSLETTER EMAIL 31/01,EMAIL,NEWSLETTER,2026-01-31,12:30,TOUS_OPTIN,Le point sur la saison,6755,6627,128,1429,276,6,1
CMP00071,BILLETTERIE EMAIL 02/02,EMAIL,BILLETTERIE,2026-02-02,11:05,TOUS_OPTIN,Votre place pour Fenerbahce Beko Istanbul,6701,6594,108,1491,377,5,0
CMP00072,BILLETTERIE EMAIL 06/02,EMAIL,BILLETTERIE,2026-02-06,17:05,INACTIFS_12M,Votre place pour Nancy,10380,9939,441,1491,268,3,1
CMP00073,BOUTIQUE EMAIL 10/02,EMAIL,BOUTIQUE,2026-02-10,12:45,NON_ABONNES,Les soldes commencent,10645,10455,190,2237,568,4,1
CMP00074,BILLETTERIE EMAIL 12/02,EMAIL,BILLETTERIE,2026-02-12,15:05,ABONNES,Il reste des places pour Olympiacos Piraeus,795,781,13,279,101,1,0
CMP00075,TRANSACTIONNEL EMAIL 13/02,EMAIL,TRANSACTIONNEL,2026-02-13,09:05,ABONNES,Votre commande est prete,1353,1291,62,894,247,3,0
CMP00076,BILLETTERIE EMAIL 17/02,EMAIL,BILLETTERIE,2026-02-17,17:45,MOINS_DE_30_ANS,Il reste des places pour Olympiacos Piraeus,3519,3443,77,715,194,1,0
CMP00077,TRANSACTIONNEL EMAIL 18/02,EMAIL,TRANSACTIONNEL,2026-02-18,09:45,ABONNES,Vos billets sont disponibles,772,762,10,525,148,3,0
CMP00078,BILLETTERIE EMAIL 19/02,EMAIL,BILLETTERIE,2026-02-19,15:30,MOINS_DE_30_ANS,Olympiacos Piraeus a l'arena : derniers billets,10369,10163,206,2092,528,11,0
CMP00079,ABONNEMENT EMAIL 20/02,EMAIL,ABONNEMENT,2026-02-20,18:00,TOUS_OPTIN,Reabonnez-vous en avant-premiere,10713,10379,334,2229,433,16,0
CMP00080,BILLETTERIE SMS 23/02,SMS,BILLETTERIE,2026-02-23,15:00,TOUS_OPTIN,Ce soir : Olympiacos Piraeus,7222,7099,124,2479,962,23,0
CMP00081,JEU_CONCOURS EMAIL 24/02,EMAIL,JEU_CONCOURS,2026-02-24,17:30,ACHETEURS_ESHOP,Tentez de rencontrer l'equipe,4227,4066,162,863,247,2,0
CMP00082,BILLETTERIE SMS 02/03,SMS,BILLETTERIE,2026-03-02,18:30,TOUS_OPTIN,Ce soir : Olympiacos Piraeus,8613,8438,175,2823,1078,27,1
CMP00083,BILLETTERIE EMAIL 03/03,EMAIL,BILLETTERIE,2026-03-03,18:30,TOUS_OPTIN,Il reste des places pour Olympiacos Piraeus,3726,3579,147,764,191,2,1
CMP00084,BILLETTERIE SMS 06/03,SMS,BILLETTERIE,2026-03-06,15:05,INACTIFS_12M,Olympiacos Piraeus a l'arena : derniers billets,9861,9678,183,2069,537,19,0
CMP00085,NEWSLETTER EMAIL 07/03,EMAIL,NEWSLETTER,2026-03-07,10:45,INACTIFS_12M,Le point sur la saison,7658,7559,99,1057,144,3,0
CMP00086,BOUTIQUE EMAIL 09/03,EMAIL,BOUTIQUE,2026-03-09,10:00,ABONNES,Les soldes commencent,1190,1173,17,446,182,5,1
CMP00087,BOUTIQUE EMAIL 13/03,EMAIL,BOUTIQUE,2026-03-13,17:05,NON_ABONNES,Derniers jours sur la boutique,5509,5387,122,1139,274,1,0
CMP00088,NEWSLETTER EMAIL 18/03,EMAIL,NEWSLETTER,2026-03-18,19:00,TOUS_OPTIN,Le point sur la saison,8490,8353,137,1790,360,6,0
CMP00089,TRANSACTIONNEL SMS 19/03,SMS,TRANSACTIONNEL,2026-03-19,12:45,NON_ABONNES,Votre commande est prete,5796,5692,103,3464,964,33,1
CMP00090,NEWSLETTER EMAIL 24/03,EMAIL,NEWSLETTER,2026-03-24,15:45,ABONNES,Le point sur la saison,588,586,3,214,52,3,0
CMP00091,ABONNEMENT EMAIL 25/03,EMAIL,ABONNEMENT,2026-03-25,10:00,INACTIFS_12M,"Votre abonnement, saison prochaine",8600,8267,334,1140,141,4,1
CMP00092,BILLETTERIE SMS 26/03,SMS,BILLETTERIE,2026-03-26,10:00,MOINS_DE_30_ANS,Ea7 Emporio Armani Milan a l'arena : derniers billets,6211,6106,106,1916,720,17,0
CMP00093,NEWSLETTER EMAIL 30/03,EMAIL,NEWSLETTER,2026-03-30,10:05,NON_ABONNES,La newsletter du club,3772,3686,86,797,155,0,0
CMP00094,BOUTIQUE EMAIL 04/04,EMAIL,BOUTIQUE,2026-04-04,09:30,NON_ABONNES,Derniers jours sur la boutique,4040,3929,112,821,192,3,0
CMP00095,BILLETTERIE SMS 09/04,SMS,BILLETTERIE,2026-04-09,17:05,PARIS_ET_PROCHE,Ce soir : Maccabi Rapyd Tel Aviv,8622,8480,141,2721,1040,24,0
CMP00096,BILLETTERIE EMAIL 11/04,EMAIL,BILLETTERIE,2026-04-11,10:15,MOINS_DE_30_ANS,Ce soir : Chalon/Saône,10728,10541,188,2122,527,13,0
CMP00097,PARTENAIRE EMAIL 13/04,EMAIL,PARTENAIRE,2026-04-13,19:00,ACHETEURS_ESHOP,Une offre de nos partenaires,9095,8939,157,1120,216,11,0
CMP00098,NEWSLETTER EMAIL 16/04,EMAIL,NEWSLETTER,2026-04-16,17:05,NON_ABONNES,Le point sur la saison,9675,9507,168,1989,352,3,0
CMP00099,ABONNEMENT EMAIL 20/04,EMAIL,ABONNEMENT,2026-04-20,10:15,TOUS_OPTIN,Reabonnez-vous en avant-premiere,7364,7199,165,1419,280,4,2
CMP00100,TRANSACTIONNEL EMAIL 21/04,EMAIL,TRANSACTIONNEL,2026-04-21,12:30,TOUS_OPTIN,Votre commande est prete,4692,4554,138,1824,347,7,0
CMP00101,BILLETTERIE EMAIL 25/04,EMAIL,BILLETTERIE,2026-04-25,18:00,ABONNES,Votre place pour Chalon/Saône,617,604,13,236,98,1,0
CMP00102,BILLETTERIE EMAIL 28/04,EMAIL,BILLETTERIE,2026-04-28,18:30,TOUS_OPTIN,Il reste des places pour Chalon/Saône,4662,4467,196,931,253,3,0
CMP00103,BOUTIQUE EMAIL 30/04,EMAIL,BOUTIQUE,2026-04-30,19:00,NON_ABONNES,Derniers jours sur la boutique,3813,3750,63,776,200,3,0
CMP00104,BILLETTERIE EMAIL 02/05,EMAIL,BILLETTERIE,2026-05-02,19:05,INACTIFS_12M,Ce soir : Chalon/Saône,9586,9431,155,1305,226,5,0
CMP00105,BILLETTERIE EMAIL 06/05,EMAIL,BILLETTERIE,2026-05-06,15:05,ACHETEURS_ESHOP,Il reste des places pour Lyon-Villeurbanne,8357,8074,283,1709,452,6,0
CMP00106,BILLETTERIE EMAIL 07/05,EMAIL,BILLETTERIE,2026-05-07,09:30,ABONNES,Ce soir : Lyon-Villeurbanne,1031,988,43,335,130,3,1
CMP00107,BILLETTERIE EMAIL 14/05,EMAIL,BILLETTERIE,2026-05-14,12:15,INACTIFS_12M,Ce soir : Lyon-Villeurbanne,4348,4267,82,591,102,1,0
CMP00108,NEWSLETTER EMAIL 16/05,EMAIL,NEWSLETTER,2026-05-16,19:00,PARIS_ET_PROCHE,La newsletter du club,5804,5568,236,1169,220,7,0
CMP00109,BOUTIQUE EMAIL 18/05,EMAIL,BOUTIQUE,2026-05-18,11:45,MOINS_DE_30_ANS,Le nouveau maillot est arrive,9608,9188,420,1843,500,6,0
CMP00110,BILLETTERIE EMAIL 19/05,EMAIL,BILLETTERIE,2026-05-19,09:00,TOUS_OPTIN,Ce soir : Strasbourg,8069,7834,236,1647,430,2,0
CMP00111,BILLETTERIE SMS 22/05,SMS,BILLETTERIE,2026-05-22,11:00,ACHETEURS_ESHOP,Strasbourg a l'arena : derniers billets,4957,4852,105,1522,570,19,1
CMP00112,NEWSLETTER EMAIL 25/05,EMAIL,NEWSLETTER,2026-05-25,10:45,TOUS_OPTIN,Coulisses : la semaine du club,9099,8923,176,1892,366,10,1
CMP00113,NEWSLETTER EMAIL 27/05,EMAIL,NEWSLETTER,2026-05-27,18:30,PARIS_ET_PROCHE,Coulisses : la semaine du club,6210,6022,188,1245,234,7,0
CMP00114,ABONNEMENT EMAIL 30/05,EMAIL,ABONNEMENT,2026-05-30,09:05,MOINS_DE_30_ANS,Places d'abonnes : ouverture,6103,5978,125,1260,267,8,1
CMP00115,BOUTIQUE EMAIL 02/06,EMAIL,BOUTIQUE,2026-06-02,11:30,INACTIFS_12M,Notre selection de la semaine,8690,8509,182,1190,197,5,1
CMP00116,BOUTIQUE EMAIL 03/06,EMAIL,BOUTIQUE,2026-06-03,18:05,TOUS_OPTIN,Derniers jours sur la boutique,10046,9850,196,2069,570,8,2
CMP00117,BILLETTERIE EMAIL 05/06,EMAIL,BILLETTERIE,2026-06-05,17:00,ABONNES,Ce soir : Monaco,1336,1287,50,440,170,2,0
CMP00118,BILLETTERIE EMAIL 09/06,EMAIL,BILLETTERIE,2026-06-09,18:30,INACTIFS_12M,Ce soir : Monaco,5787,5628,158,803,154,5,0
CMP00119,NEWSLETTER EMAIL 10/06,EMAIL,NEWSLETTER,2026-06-10,17:45,ACHETEURS_ESHOP,La newsletter du club,4976,4909,67,1033,210,7,0
CMP00120,BILLETTERIE EMAIL 11/06,EMAIL,BILLETTERIE,2026-06-11,18:30,INACTIFS_12M,Votre place pour Monaco,5311,5213,98,691,137,0,0
CMP00121,PARTENAIRE EMAIL 17/06,EMAIL,PARTENAIRE,2026-06-17,17:15,NON_ABONNES,Une offre de nos partenaires,9908,9669,240,1215,245,10,0
CMP00122,ABONNEMENT EMAIL 18/06,EMAIL,ABONNEMENT,2026-06-18,19:05,TOUS_OPTIN,Places d'abonnes : ouverture,8013,7704,309,1587,302,6,0
CMP00123,BILLETTERIE EMAIL 20/06,EMAIL,BILLETTERIE,2026-06-20,19:45,TOUS_OPTIN,Monaco a l'arena : derniers billets,5907,5689,218,1135,322,3,0
CMP00124,NEWSLETTER EMAIL 23/06,EMAIL,NEWSLETTER,2026-06-23,11:45,NON_ABONNES,Coulisses : la semaine du club,6987,6687,300,1395,288,5,0
CMP00125,ABONNEMENT EMAIL 25/06,EMAIL,ABONNEMENT,2026-06-25,19:15,NON_ABONNES,"Votre abonnement, saison prochaine",3884,3746,138,776,114,5,0
CMP00126,BOUTIQUE EMAIL 27/06,EMAIL,BOUTIQUE,2026-06-27,11:15,PARIS_ET_PROCHE,Le nouveau maillot est arrive,8720,8431,289,1763,447,4,1
