code_joueur,prenom,nom,numero,poste,taille_cm,nationalite,annee_naissance
012640,Nadir,Hifi,2,ARRIERE,185,FRA,2002
013373,Leopold,Cavaliere,4,AILIER,202,FRA,1996
014008,Justin,Robinson,5,ARRIERE,185,USA,1997
012611,Sebastian,Herrera,7,ARRIERE,193,CHI,1997
014178,Jared,Rhoden,8,ARRIERE,198,USA,1999
014009,Lamar,Stevens,9,AILIER,198,USA,1997
013127,Ilian,Moungalla,10,ARRIERE,194,FRA,2007
006904,Joel,Ayayi,11,ARRIERE,196,FRA,2000
014010,Allan,Dokossi,13,PIVOT,203,FRA,1999
012403,Mouhamed,Faye,15,PIVOT,209,SEN,2005
012612,Enzo,Shahrvin,18,PIVOT,201,FRA,2003
010431,Jeremy,Morgan,20,AILIER,199,USA,1995
004655,Ismael,Bako,21,PIVOT,208,BEL,1995
007993,Amath,M'Baye,22,AILIER,206,FRA,1989
004197,Yakuba,Ouattara,24,ARRIERE,192,FRA,1992
011949,Daulton,Hommes,34,AILIER,203,USA,1996
009664,Derek,Willis,35,AILIER,205,USA,1995
