date,competition,journee,lieu,domicile,exterieur,score_domicile,score_exterieur,rang_pbb_avant,rang_adversaire_avant,bilan_pbb,bilan_adversaire
2025-09-27,Betclic ÉLITE,1,EXTERIEUR,Gravelines-Dunkerque,PARIS BASKETBALL,66,109,1,10,1-0,0-1
2025-10-01,EuroLeague,1,EXTERIEUR,Fenerbahce Beko Istanbul,PARIS BASKETBALL,96,77,14,1,0-1,1-0
2025-10-03,EuroLeague,2,EXTERIEUR,Maccabi Rapyd Tel Aviv,PARIS BASKETBALL,94,101,16,18,1-1,0-2
2025-10-06,Betclic ÉLITE,2,EXTERIEUR,Le Mans,PARIS BASKETBALL,95,89,6,5,1-1,2-0
2025-10-09,EuroLeague,3,DOMICILE,PARIS BASKETBALL,Virtus Bologna,90,79,6,17,2-1,1-2
2025-10-12,Betclic ÉLITE,3,DOMICILE,PARIS BASKETBALL,Monaco,94,99,10,4,1-2,2-1
2025-10-15,EuroLeague,4,DOMICILE,PARIS BASKETBALL,Kosner Baskonia Vitoria-Gasteiz,105,87,4,20,3-1,0-4
2025-10-17,EuroLeague,5,DOMICILE,PARIS BASKETBALL,Hapoel Shlomo Tel Aviv,88,89,5,10,3-2,3-1
2025-10-19,Betclic ÉLITE,4,DOMICILE,PARIS BASKETBALL,Dijon,97,92,6,13,2-2,1-3
2025-10-24,EuroLeague,6,EXTERIEUR,Partizan Mozzart Bet Belgrade,PARIS BASKETBALL,83,101,1,13,4-2,3-2
2025-10-26,Betclic ÉLITE,5,EXTERIEUR,Chalon/Saône,PARIS BASKETBALL,67,107,5,13,3-2,2-3
2025-10-28,EuroLeague,7,DOMICILE,PARIS BASKETBALL,Anadolu Efes Istanbul,80,90,5,14,4-3,3-4
2025-10-30,EuroLeague,8,EXTERIEUR,EA7 Emporio Armani Milan,PARIS BASKETBALL,86,77,9,12,4-4,3-5
2025-11-02,Betclic ÉLITE,6,EXTERIEUR,Boulazac,PARIS BASKETBALL,73,94,2,13,4-2,2-4
2025-11-06,EuroLeague,9,DOMICILE,PARIS BASKETBALL,FC Bayern Munich,82,86,11,9,4-5,5-4
2025-11-09,Betclic ÉLITE,7,DOMICILE,PARIS BASKETBALL,Limoges,115,93,2,11,5-2,3-5
2025-11-11,EuroLeague,10,DOMICILE,PARIS BASKETBALL,Panathinaikos AKTOR Athens,95,101,14,7,4-6,6-4
2025-11-13,EuroLeague,11,DOMICILE,PARIS BASKETBALL,Valencia Basket,90,86,12,7,5-6,6-5
2025-11-15,Betclic ÉLITE,8,EXTERIEUR,Bourg-en-Bresse,PARIS BASKETBALL,75,91,1,8,6-2,4-4
2025-11-21,EuroLeague,12,EXTERIEUR,Olympiacos Piraeus,PARIS BASKETBALL,98,86,12,1,5-7,8-4
2025-11-25,EuroLeague,13,EXTERIEUR,Dubai Basketball,PARIS BASKETBALL,90,89,13,15,5-8,5-7
2025-12-04,EuroLeague,14,EXTERIEUR,AS Monaco,PARIS BASKETBALL,125,104,13,1,5-9,9-5
2025-12-07,Betclic ÉLITE,10,DOMICILE,PARIS BASKETBALL,Saint-Quentin,99,69,3,14,7-2,2-8
2025-12-09,Betclic ÉLITE,9,DOMICILE,PARIS BASKETBALL,Le Portel,110,80,1,16,8-2,1-10
2025-12-11,EuroLeague,15,DOMICILE,PARIS BASKETBALL,Zalgiris Kaunas,105,108,13,4,5-10,9-6
2025-12-13,Betclic ÉLITE,11,EXTERIEUR,Nancy,PARIS BASKETBALL,97,90,1,8,8-3,6-5
2025-12-16,EuroLeague,16,DOMICILE,PARIS BASKETBALL,FC Barcelona,69,85,16,3,5-11,11-4
2025-12-18,EuroLeague,17,EXTERIEUR,Real Madrid,PARIS BASKETBALL,95,90,18,6,5-12,10-7
2025-12-21,Betclic ÉLITE,12,DOMICILE,PARIS BASKETBALL,Cholet,107,84,2,9,9-3,6-6
2025-12-23,EuroLeague,18,DOMICILE,PARIS BASKETBALL,Crvena Zvezda Meridianbet Belgrade,102,92,15,8,6-12,10-8
2025-12-26,Betclic ÉLITE,14,EXTERIEUR,Nanterre,PARIS BASKETBALL,99,83,3,2,9-4,10-4
2025-12-30,EuroLeague,19,EXTERIEUR,LDLC ASVEL Villeurbanne,PARIS BASKETBALL,94,89,15,19,6-13,6-13
2026-01-07,EuroLeague,20,EXTERIEUR,Anadolu Efes Istanbul,PARIS BASKETBALL,79,84,15,17,7-13,6-14
2026-01-11,Betclic ÉLITE,15,EXTERIEUR,Lyon-Villeurbanne,PARIS BASKETBALL,93,98,3,7,10-4,9-5
2026-01-13,Betclic ÉLITE,13,DOMICILE,PARIS BASKETBALL,Strasbourg,96,67,2,7,11-4,10-5
2026-01-15,EuroLeague,22,DOMICILE,PARIS BASKETBALL,AS Monaco,87,95,17,1,7-14,15-7
2026-01-18,Betclic ÉLITE,16,DOMICILE,PARIS BASKETBALL,Le Mans,110,92,2,7,12-4,10-6
2026-01-20,EuroLeague,23,EXTERIEUR,Valencia Basket,PARIS BASKETBALL,98,84,17,3,7-15,15-8
2026-01-22,EuroLeague,24,DOMICILE,PARIS BASKETBALL,Dubai Basketball,79,99,17,13,7-16,10-13
2026-01-24,Betclic ÉLITE,17,EXTERIEUR,Le Portel,PARIS BASKETBALL,57,120,2,16,13-4,1-16
2026-01-27,EuroLeague,25,DOMICILE,PARIS BASKETBALL,Real Madrid,98,92,16,1,8-16,16-9
2026-02-01,Betclic ÉLITE,18,DOMICILE,PARIS BASKETBALL,Boulazac,87,103,3,12,13-5,6-12
2026-02-03,EuroLeague,26,EXTERIEUR,FC Bayern Munich,PARIS BASKETBALL,81,75,17,15,8-17,11-15
2026-02-05,EuroLeague,27,DOMICILE,PARIS BASKETBALL,Fenerbahce Beko Istanbul,90,92,18,1,8-18,19-7
2026-02-07,Betclic ÉLITE,19,DOMICILE,PARIS BASKETBALL,Nancy,102,73,2,11,14-5,7-12
2026-02-12,EuroLeague,28,EXTERIEUR,FC Barcelona,PARIS BASKETBALL,74,85,16,4,9-18,17-10
2026-02-15,Betclic ÉLITE,20,EXTERIEUR,Saint-Quentin,PARIS BASKETBALL,90,103,2,15,15-5,3-17
2026-02-26,EuroLeague,29,EXTERIEUR,Panathinaikos AKTOR Athens,PARIS BASKETBALL,99,104,16,10,10-18,16-13
2026-03-06,EuroLeague,30,EXTERIEUR,Kosner Baskonia Vitoria-Gasteiz,PARIS BASKETBALL,81,97,16,18,11-18,9-21
2026-03-08,Betclic ÉLITE,21,EXTERIEUR,Limoges,PARIS BASKETBALL,80,86,2,13,16-5,7-14
2026-03-10,EuroLeague,34,DOMICILE,PARIS BASKETBALL,Olympiacos Piraeus,87,104,16,2,11-19,20-10
2026-03-12,EuroLeague,31,DOMICILE,PARIS BASKETBALL,LDLC ASVEL Villeurbanne,90,81,16,20,12-19,8-23
2026-03-15,Betclic ÉLITE,22,DOMICILE,PARIS BASKETBALL,Gravelines-Dunkerque,109,115,2,14,16-6,7-15
2026-03-17,EuroLeague,21,EXTERIEUR,Hapoel Shlomo Tel Aviv,PARIS BASKETBALL,93,82,16,5,12-20,18-11
2026-03-19,EuroLeague,32,DOMICILE,PARIS BASKETBALL,Partizan Mozzart Bet Belgrade,81,90,16,17,12-21,12-19
2026-03-22,Betclic ÉLITE,23,DOMICILE,PARIS BASKETBALL,Bourg-en-Bresse,85,95,3,4,16-7,15-8
2026-03-27,Betclic ÉLITE,24,EXTERIEUR,Dijon,PARIS BASKETBALL,76,92,2,11,17-7,9-15
2026-03-31,EuroLeague,33,EXTERIEUR,Virtus Bologna,PARIS BASKETBALL,82,103,16,17,13-21,13-21
2026-04-02,EuroLeague,35,DOMICILE,PARIS BASKETBALL,EA7 Emporio Armani Milan,103,93,16,12,14-21,17-18
2026-04-04,Betclic ÉLITE,25,DOMICILE,PARIS BASKETBALL,Nanterre,96,92,2,3,18-7,18-7
2026-04-07,EuroLeague,36,EXTERIEUR,Crvena Zvezda Meridianbet Belgrade,PARIS BASKETBALL,94,81,16,7,14-22,20-16
2026-04-09,EuroLeague,37,DOMICILE,PARIS BASKETBALL,Maccabi Rapyd Tel Aviv,113,80,15,12,15-22,18-18
2026-04-11,Betclic ÉLITE,26,EXTERIEUR,Strasbourg,PARIS BASKETBALL,86,92,2,5,19-7,16-9
2026-04-17,EuroLeague,38,EXTERIEUR,Zalgiris Kaunas,PARIS BASKETBALL,85,79,16,5,15-23,23-15
2026-04-19,Betclic ÉLITE,27,EXTERIEUR,Cholet,PARIS BASKETBALL,93,99,2,6,20-7,16-11
2026-05-02,Betclic ÉLITE,28,DOMICILE,PARIS BASKETBALL,Chalon/Saône,103,105,2,9,20-8,14-14
2026-05-10,Betclic ÉLITE,29,EXTERIEUR,Monaco,PARIS BASKETBALL,95,123,2,1,21-8,23-6
2026-05-16,Betclic ÉLITE,30,DOMICILE,PARIS BASKETBALL,Lyon-Villeurbanne,87,76,2,4,22-8,20-10
2026-05-26,Betclic ÉLITE - Playoffs,1,DOMICILE,PARIS BASKETBALL,Strasbourg,95,64,9,22,22-8,17-13
2026-05-28,Betclic ÉLITE - Playoffs,2,EXTERIEUR,Strasbourg,PARIS BASKETBALL,87,82,9,22,22-8,17-13
2026-05-30,Betclic ÉLITE - Playoffs,3,DOMICILE,PARIS BASKETBALL,Strasbourg,89,75,9,22,22-8,17-13
2026-06-02,Betclic ÉLITE - Playoffs,1,DOMICILE,PARIS BASKETBALL,Cholet,89,90,9,16,22-8,19-11
2026-06-04,Betclic ÉLITE - Playoffs,2,DOMICILE,PARIS BASKETBALL,Cholet,100,77,9,16,22-8,19-11
2026-06-07,Betclic ÉLITE - Playoffs,3,EXTERIEUR,Cholet,PARIS BASKETBALL,86,95,9,16,22-8,19-11
2026-06-09,Betclic ÉLITE - Playoffs,4,EXTERIEUR,Cholet,PARIS BASKETBALL,91,94,9,16,22-8,19-11
2026-06-14,Betclic ÉLITE - Playoffs,1,DOMICILE,PARIS BASKETBALL,Monaco,95,91,9,6,22-8,23-7
2026-06-17,Betclic ÉLITE - Playoffs,2,DOMICILE,PARIS BASKETBALL,Monaco,90,102,9,6,22-8,23-7
2026-06-19,Betclic ÉLITE - Playoffs,3,EXTERIEUR,Monaco,PARIS BASKETBALL,77,88,9,6,22-8,23-7
2026-06-21,Betclic ÉLITE - Playoffs,4,EXTERIEUR,Monaco,PARIS BASKETBALL,96,84,9,6,22-8,23-7
2026-06-23,Betclic ÉLITE - Playoffs,5,DOMICILE,PARIS BASKETBALL,Monaco,92,101,9,6,22-8,23-7
