date,competition_resultat,journee,lieu,domicile,exterieur,score_domicile,score_exterieur,rang_pbb_avant,rang_adversaire_avant,bilan_pbb,bilan_adversaire,points_paris,victoire_paris,promo_declenchee,match_id,competition_calendrier,adversaire,salle,capacite_salle,heure,scenario,chiffre_affaires_net_eur,transactions_avoir,transactions_vente,transactions_code_promo_10pct,billets_scannes_uniques,remplissage_pct,ca_net_eur_pour_1000_entrees,ca_net_fenetre_sortie_eur,transactions_fenetre_sortie
2025-10-09,EuroLeague,3,DOMICILE,PARIS BASKETBALL,Virtus Bologna,90,79,6,17,2-1,1-2,90,True,False,M001,EuroLeague,Virtus Bologna,ADIDAS,8000,20:45,Victoire / moins de 100 points,29795.8,1,300,7.0,4718.0,58.975,6315.345485375158,1906.8000000000002,21
2025-10-12,Betclic ÉLITE,3,DOMICILE,PARIS BASKETBALL,Monaco,94,99,10,4,1-2,2-1,94,False,False,M002,Betclic ÉLITE,Monaco,ADIDAS,8000,17:00,Défaite / moins de 100 points,31487.89,2,307,6.0,6154.0,76.925,5116.6542086447835,696.01,8
2025-10-15,EuroLeague,4,DOMICILE,PARIS BASKETBALL,Kosner Baskonia Vitoria-Gasteiz,105,87,4,20,3-1,0-4,105,True,True,M003,EuroLeague,Kosner Baskonia Vitoria-Gasteiz,ADIDAS,8000,20:45,Victoire / 100 points ou plus,40991.67,2,343,9.0,5085.0,63.5625,8061.29203539823,2806.9,21
2025-10-17,EuroLeague,5,DOMICILE,PARIS BASKETBALL,Hapoel Shlomo Tel Aviv,88,89,5,10,3-2,3-1,88,False,False,M004,EuroLeague,Hapoel Shlomo Tel Aviv,ADIDAS,8000,20:45,Défaite / moins de 100 points,50759.55,4,434,11.0,0.0,0.0,,548.05,6
2025-10-19,Betclic ÉLITE,4,DOMICILE,PARIS BASKETBALL,Dijon,97,92,6,13,2-2,1-3,97,True,False,M005,Betclic ÉLITE,Dijon,ADIDAS,8000,14:30,Victoire / moins de 100 points,22199.16,4,191,4.0,2929.0,36.6125,7579.091840218504,1584.75,13
2025-10-28,EuroLeague,7,DOMICILE,PARIS BASKETBALL,Anadolu Efes Istanbul,80,90,5,14,4-3,3-4,80,False,False,M006,EuroLeague,Anadolu Efes Istanbul,ADIDAS,8000,20:45,Défaite / moins de 100 points,36623.65,3,360,8.0,5458.0,68.22500000000001,6710.086112128985,1295.55,10
2025-11-06,EuroLeague,9,DOMICILE,PARIS BASKETBALL,FC Bayern Munich,82,86,11,9,4-5,5-4,82,False,False,M007,EuroLeague,FC Bayern Munich,ADIDAS,8000,21:00,Défaite / moins de 100 points,30790.87,4,341,5.0,5816.0,72.7,5294.166093535076,765.0,11
2025-11-09,Betclic ÉLITE,7,DOMICILE,PARIS BASKETBALL,Limoges,115,93,2,11,5-2,3-5,115,True,True,M008,Betclic ÉLITE,Limoges,ADIDAS,8000,18:00,Victoire / 100 points ou plus,24366.48,5,260,1.0,5437.0,67.9625,4481.603825639139,1753.06,18
2025-11-11,EuroLeague,10,DOMICILE,PARIS BASKETBALL,Panathinaikos AKTOR Athens,95,101,14,7,4-6,6-4,95,False,False,M009,EuroLeague,Panathinaikos AKTOR Athens,ADIDAS,8000,21:00,Défaite / moins de 100 points,33946.4,6,336,5.0,5511.0,68.8875,6159.753220831066,248.64999999999998,5
2025-11-13,EuroLeague,11,DOMICILE,PARIS BASKETBALL,Valencia Basket,90,86,12,7,5-6,6-5,90,True,False,M010,EuroLeague,Valencia Basket,ADIDAS,8000,20:45,Victoire / moins de 100 points,38859.57,4,373,5.0,6225.0,77.8125,6242.501204819277,2634.25,24
2025-12-07,Betclic ÉLITE,10,DOMICILE,PARIS BASKETBALL,Saint-Quentin,99,69,3,14,7-2,2-8,99,True,False,M011,Betclic ÉLITE,Saint-Quentin,ADIDAS,8000,18:00,Victoire / moins de 100 points,17502.82,3,212,4.0,3893.0,48.662499999999994,4495.972257898793,592.0,14
2025-12-09,Betclic ÉLITE,9,DOMICILE,PARIS BASKETBALL,Le Portel,110,80,1,16,8-2,1-10,110,True,True,M012,Betclic ÉLITE,Le Portel,ADIDAS,8000,20:00,Victoire / 100 points ou plus,17236.06,1,220,4.0,4397.0,54.962500000000006,3919.9590629974987,2032.5,19
2025-12-11,EuroLeague,15,DOMICILE,PARIS BASKETBALL,Zalgiris Kaunas,105,108,13,4,5-10,9-6,105,False,True,M013,EuroLeague,Zalgiris Kaunas,ADIDAS,8000,20:45,Défaite / 100 points ou plus,36695.26,2,406,7.0,6969.0,87.1125,5265.4986368202035,793.25,9
2025-12-16,EuroLeague,16,DOMICILE,PARIS BASKETBALL,FC Barcelona,69,85,16,3,5-11,11-4,69,False,False,M014,EuroLeague,FC Barcelona,ADIDAS,8000,21:00,Défaite / moins de 100 points,36964.75,4,398,10.0,6871.0,85.8875,5379.820986755931,964.0,9
2025-12-21,Betclic ÉLITE,12,DOMICILE,PARIS BASKETBALL,Cholet,107,84,2,9,9-3,6-6,107,True,True,M015,Betclic ÉLITE,Cholet,ADIDAS,8000,18:00,Victoire / 100 points ou plus,28362.81,2,299,10.0,5985.0,74.8125,4738.982456140351,1572.0,17
2025-12-23,EuroLeague,18,DOMICILE,PARIS BASKETBALL,Crvena Zvezda Meridianbet Belgrade,102,92,15,8,6-12,10-8,102,True,True,M016,EuroLeague,Crvena Zvezda Meridianbet Belgrade,ADIDAS,8000,20:45,Victoire / 100 points ou plus,25289.32,6,303,9.0,6025.0,75.3125,4197.397510373444,1469.1599999999999,14
2026-01-13,Betclic ÉLITE,13,DOMICILE,PARIS BASKETBALL,Strasbourg,96,67,2,7,11-4,10-5,96,True,False,M017,Betclic ÉLITE,Strasbourg,ADIDAS,8000,20:10,Victoire / moins de 100 points,16240.06,2,256,3.0,5446.0,68.075,2982.016158648549,1690.41,22
2026-01-15,EuroLeague,22,DOMICILE,PARIS BASKETBALL,AS Monaco,87,95,17,1,7-14,15-7,87,False,False,M018,EuroLeague,AS Monaco,ACCOR,15000,20:45,Défaite / moins de 100 points,44719.8,1,634,6.0,12959.0,86.39333333333333,3450.8681225403193,1694.6000000000001,16
2026-01-18,Betclic ÉLITE,16,DOMICILE,PARIS BASKETBALL,Le Mans,110,92,2,7,12-4,10-6,110,True,True,M019,Betclic ÉLITE,Le Mans,ADIDAS,8000,18:00,Victoire / 100 points ou plus,17716.41,3,274,1.0,6303.0,78.7875,2810.7900999524036,1206.6,17
2026-01-22,EuroLeague,24,DOMICILE,PARIS BASKETBALL,Dubai Basketball,79,99,17,13,7-16,10-13,79,False,False,M020,EuroLeague,Dubai Basketball,ADIDAS,8000,21:00,Défaite / moins de 100 points,24029.22,6,357,0.0,6253.0,78.1625,3842.83064129218,657.1,12
2026-01-27,EuroLeague,25,DOMICILE,PARIS BASKETBALL,Real Madrid,98,92,16,1,8-16,16-9,98,True,False,M021,EuroLeague,Real Madrid,ACCOR,15000,21:00,Victoire / moins de 100 points,39293.14,3,556,6.0,12796.0,85.30666666666666,3070.7361675523603,2222.4999999999995,29
2026-02-01,Betclic ÉLITE,18,DOMICILE,PARIS BASKETBALL,Boulazac,87,103,3,12,13-5,6-12,87,False,False,M022,Betclic ÉLITE,Boulazac,ADIDAS,8000,15:30,Défaite / moins de 100 points,27634.6,3,300,3.0,5183.0,64.7875,5331.776963148755,1540.6,9
2026-02-05,EuroLeague,27,DOMICILE,PARIS BASKETBALL,Fenerbahce Beko Istanbul,90,92,18,1,8-18,19-7,90,False,False,M023,EuroLeague,Fenerbahce Beko Istanbul,ACCOR,15000,20:45,Défaite / moins de 100 points,57188.62,3,667,15.0,12883.0,85.88666666666667,4439.076302103547,1620.5,18
2026-02-07,Betclic ÉLITE,19,DOMICILE,PARIS BASKETBALL,Nancy,102,73,2,11,14-5,7-12,102,True,True,M024,Betclic ÉLITE,Nancy,ADIDAS,8000,19:30,Victoire / 100 points ou plus,30440.0,4,333,8.0,6430.0,80.375,4734.059097978226,2003.8,18
2026-03-10,EuroLeague,34,DOMICILE,PARIS BASKETBALL,Olympiacos Piraeus,87,104,16,2,11-19,20-10,87,False,False,M025,EuroLeague,Olympiacos Piraeus,ACCOR,15000,20:45,Défaite / moins de 100 points,61841.83,3,579,7.0,12751.0,85.00666666666666,4849.959218884793,2537.0,16
2026-03-12,EuroLeague,31,DOMICILE,PARIS BASKETBALL,LDLC ASVEL Villeurbanne,90,81,16,20,12-19,8-23,90,True,False,M026,EuroLeague,LDLC ASVEL Villeurbanne,ADIDAS,8000,21:00,Victoire / moins de 100 points,27551.25,1,252,11.0,4070.0,50.875,6769.348894348895,2118.7,17
2026-03-15,Betclic ÉLITE,22,DOMICILE,PARIS BASKETBALL,Gravelines-Dunkerque,109,115,2,14,16-6,7-15,109,False,True,M027,Betclic ÉLITE,Gravelines-Dunkerque,ADIDAS,8000,15:30,Défaite / 100 points ou plus,42938.51,0,333,11.0,5499.0,68.7375,7808.421531187489,537.2,5
2026-03-19,EuroLeague,32,DOMICILE,PARIS BASKETBALL,Partizan Mozzart Bet Belgrade,81,90,16,17,12-21,12-19,81,False,False,M028,EuroLeague,Partizan Mozzart Bet Belgrade,ADIDAS,8000,20:45,Défaite / moins de 100 points,44525.22,4,377,6.0,6347.0,79.3375,7015.159918071529,794.75,4
2026-03-22,Betclic ÉLITE,23,DOMICILE,PARIS BASKETBALL,Bourg-en-Bresse,85,95,3,4,16-7,15-8,85,False,False,M029,Betclic ÉLITE,Bourg-en-Bresse,ADIDAS,8000,18:00,Défaite / moins de 100 points,36180.95,3,321,7.0,6422.0,80.27499999999999,5633.906882591093,91.44999999999999,3
2026-04-02,EuroLeague,35,DOMICILE,PARIS BASKETBALL,EA7 Emporio Armani Milan,103,93,16,12,14-21,17-18,103,True,True,M030,EuroLeague,EA7 Emporio Armani Milan,ADIDAS,8000,20:45,Victoire / 100 points ou plus,29211.0,1,281,5.0,5675.0,70.9375,5147.312775330397,1654.6000000000001,17
2026-04-04,Betclic ÉLITE,25,DOMICILE,PARIS BASKETBALL,Nanterre,96,92,2,3,18-7,18-7,96,True,False,M031,Betclic ÉLITE,Nanterre,ADIDAS,8000,19:00,Victoire / moins de 100 points,41594.25,2,362,12.0,6386.0,79.825,6513.349514563107,2400.5,21
2026-04-09,EuroLeague,37,DOMICILE,PARIS BASKETBALL,Maccabi Rapyd Tel Aviv,113,80,15,12,15-22,18-18,113,True,True,M032,EuroLeague,Maccabi Rapyd Tel Aviv,ADIDAS,8000,21:00,Victoire / 100 points ou plus,30369.16,2,290,13.0,5620.0,70.25,5403.76512455516,1357.7,14
2026-05-02,Betclic ÉLITE,28,DOMICILE,PARIS BASKETBALL,Chalon/Saône,103,105,2,9,20-8,14-14,103,False,True,M033,Betclic ÉLITE,Chalon/Saône,ADIDAS,8000,18:30,Défaite / 100 points ou plus,41421.77,4,457,8.0,5489.0,68.6125,7546.323556203315,5759.2,86
2026-05-16,Betclic ÉLITE,30,DOMICILE,PARIS BASKETBALL,Lyon-Villeurbanne,87,76,2,4,22-8,20-10,87,True,False,M034,Betclic ÉLITE,Lyon-Villeurbanne,ADIDAS,8000,17:00,Victoire / moins de 100 points,42582.61,4,345,18.0,5664.0,70.8,7518.116172316384,2977.4,21
2026-05-26,Betclic ÉLITE - Playoffs,1,DOMICILE,PARIS BASKETBALL,Strasbourg,95,64,9,22,22-8,17-13,95,True,False,M035,Betclic ÉLITE - Playoffs,Strasbourg,ADIDAS,8000,19:00,Victoire / moins de 100 points,45758.51,2,405,13.0,5274.0,65.925,8676.24383769435,2907.1,33
2026-05-30,Betclic ÉLITE - Playoffs,3,DOMICILE,PARIS BASKETBALL,Strasbourg,89,75,9,22,22-8,17-13,89,True,False,M036,Betclic ÉLITE - Playoffs,Strasbourg,ADIDAS,8000,13:30,Victoire / moins de 100 points,48562.86,3,394,5.0,5486.0,68.575,8852.143638352169,1872.75,24
2026-06-02,Betclic ÉLITE - Playoffs,1,DOMICILE,PARIS BASKETBALL,Cholet,89,90,9,16,22-8,19-11,89,False,False,M037,Betclic ÉLITE - Playoffs,Cholet,ADIDAS,8000,18:00,Défaite / moins de 100 points,42272.75,4,410,8.0,6737.0,84.2125,6274.714264509425,2284.8,20
2026-06-04,Betclic ÉLITE - Playoffs,2,DOMICILE,PARIS BASKETBALL,Cholet,100,77,9,16,22-8,19-11,100,True,True,M038,Betclic ÉLITE - Playoffs,Cholet,ADIDAS,8000,18:30,Victoire / 100 points ou plus,42071.61,1,415,10.0,5856.0,73.2,7184.359631147541,2426.1499999999996,28
2026-06-14,Betclic ÉLITE - Playoffs,1,DOMICILE,PARIS BASKETBALL,Monaco,95,91,9,6,22-8,23-7,95,True,False,M039,Betclic ÉLITE - Playoffs,Monaco,ADIDAS,8000,15:00,Victoire / moins de 100 points,53886.71,6,488,7.0,6895.0,86.1875,7815.331399564901,2302.8999999999996,26
2026-06-17,Betclic ÉLITE - Playoffs,2,DOMICILE,PARIS BASKETBALL,Monaco,90,102,9,6,22-8,23-7,90,False,False,M040,Betclic ÉLITE - Playoffs,Monaco,ADIDAS,8000,18:30,Défaite / moins de 100 points,53193.77,4,490,15.0,6883.0,86.0375,7728.282725555717,1955.0,22
2026-06-23,Betclic ÉLITE - Playoffs,5,DOMICILE,PARIS BASKETBALL,Monaco,92,101,9,6,22-8,23-7,92,False,False,M041,Betclic ÉLITE - Playoffs,Monaco,ADIDAS,8000,19:10,Défaite / moins de 100 points,56127.75,6,499,19.0,6833.0,85.41250000000001,8214.217766720329,3119.4,22
